Energy;IntFlux;DiffFlux
1.00000e-01;4.88680e-06;2.69289e+00
1.01474e-01;4.90151e-06;2.69289e+00
1.02970e-01;4.91654e-06;2.69289e+00
1.04488e-01;4.93188e-06;2.69289e+00
1.06029e-01;4.94755e-06;2.69289e+00
1.07592e-01;4.96355e-06;2.69289e+00
1.09178e-01;4.97989e-06;2.69289e+00
1.10788e-01;4.99659e-06;2.69289e+00
1.12421e-01;5.01364e-06;2.69289e+00
1.14079e-01;5.03107e-06;2.69289e+00
1.15761e-01;5.04887e-06;2.69289e+00
1.17467e-01;5.06706e-06;2.69289e+00
1.19199e-01;5.08567e-06;2.69289e+00
1.20957e-01;5.10367e-06;2.69289e+00
1.22740e-01;5.12120e-06;2.69289e+00
1.24550e-01;5.13912e-06;2.69289e+00
1.26386e-01;5.15742e-06;2.69289e+00
1.28249e-01;5.17613e-06;2.69289e+00
1.30140e-01;5.19525e-06;2.69289e+00
1.32059e-01;5.21481e-06;2.69289e+00
1.34006e-01;5.23480e-06;2.69289e+00
1.35981e-01;5.25523e-06;2.69289e+00
1.37986e-01;5.27614e-06;2.69289e+00
1.40020e-01;5.29752e-06;2.69289e+00
1.42085e-01;5.31941e-06;2.69289e+00
1.44180e-01;5.34180e-06;2.69289e+00
1.46305e-01;5.36470e-06;2.69289e+00
1.48462e-01;5.38815e-06;2.69289e+00
1.50651e-01;5.41089e-06;2.69289e+00
1.52872e-01;5.43109e-06;2.69289e+00
1.55126e-01;5.45175e-06;2.69289e+00
1.57413e-01;5.47287e-06;2.69289e+00
1.59734e-01;5.49447e-06;2.69289e+00
1.62089e-01;5.51656e-06;2.69289e+00
1.64478e-01;5.53916e-06;2.69289e+00
1.66903e-01;5.56228e-06;2.69289e+00
1.69364e-01;5.58595e-06;2.69289e+00
1.71861e-01;5.61016e-06;2.69289e+00
1.74395e-01;5.63496e-06;2.69289e+00
1.76966e-01;5.66034e-06;2.69289e+00
1.79575e-01;5.68633e-06;2.69289e+00
1.82223e-01;5.71295e-06;2.69289e+00
1.84909e-01;5.74021e-06;2.69289e+00
1.87635e-01;5.76814e-06;2.69289e+00
1.90402e-01;5.79678e-06;2.69289e+00
1.93209e-01;5.82612e-06;2.69289e+00
1.96057e-01;5.85619e-06;2.69289e+00
1.98948e-01;5.88704e-06;2.69289e+00
2.01881e-01;5.91460e-06;2.69289e+00
2.04857e-01;5.94051e-06;2.69289e+00
2.07878e-01;5.96705e-06;2.69289e+00
2.10942e-01;5.99421e-06;2.69289e+00
2.14052e-01;6.02202e-06;2.69289e+00
2.17208e-01;6.05052e-06;2.69289e+00
2.20410e-01;6.07970e-06;2.69289e+00
2.23660e-01;6.10962e-06;2.69289e+00
2.26957e-01;6.14026e-06;2.69289e+00
2.30304e-01;6.17169e-06;2.69289e+00
2.33699e-01;6.20390e-06;2.69289e+00
2.37144e-01;6.23693e-06;2.69289e+00
2.40641e-01;6.27082e-06;2.69289e+00
2.44189e-01;6.30558e-06;2.69289e+00
2.47789e-01;6.34125e-06;2.69289e+00
2.51442e-01;6.37548e-06;2.69289e+00
2.55149e-01;6.40687e-06;2.69289e+00
2.58911e-01;6.43904e-06;2.69289e+00
2.62728e-01;6.47200e-06;2.69289e+00
2.66601e-01;6.50580e-06;2.69289e+00
2.70532e-01;6.54047e-06;2.69289e+00
2.74520e-01;6.57602e-06;2.69289e+00
2.78568e-01;6.61251e-06;2.69289e+00
2.82675e-01;6.64994e-06;2.69289e+00
2.86842e-01;6.68835e-06;2.69289e+00
2.91071e-01;6.72779e-06;2.69289e+00
2.95362e-01;6.76829e-06;2.69289e+00
2.99717e-01;6.80989e-06;2.69289e+00
3.04136e-01;6.84460e-06;2.69289e+00
3.08620e-01;6.87961e-06;2.69289e+00
3.13170e-01;6.91551e-06;2.69289e+00
3.17787e-01;6.95231e-06;2.69289e+00
3.22472e-01;6.99007e-06;2.69289e+00
3.27226e-01;7.02880e-06;2.69289e+00
3.32051e-01;7.06855e-06;2.69289e+00
3.36946e-01;7.10934e-06;2.69289e+00
3.41914e-01;7.15122e-06;2.69289e+00
3.46955e-01;7.19423e-06;2.69289e+00
3.52070e-01;7.23840e-06;2.69289e+00
3.57261e-01;7.28378e-06;2.69289e+00
3.62528e-01;7.33041e-06;2.69289e+00
3.67873e-01;7.37835e-06;2.69289e+00
3.73296e-01;7.42763e-06;2.69289e+00
3.78800e-01;7.47832e-06;2.69289e+00
3.84385e-01;7.53047e-06;2.69289e+00
3.90052e-01;7.58414e-06;2.69289e+00
3.95802e-01;7.63938e-06;2.69289e+00
4.01638e-01;7.69266e-06;2.69289e+00
4.07559e-01;7.73795e-06;2.69289e+00
4.13568e-01;7.78447e-06;2.69289e+00
4.19665e-01;7.83225e-06;2.69289e+00
4.25852e-01;7.88133e-06;2.69289e+00
4.32131e-01;7.93178e-06;2.69289e+00
4.38502e-01;7.98363e-06;2.69289e+00
4.44967e-01;8.03694e-06;2.69289e+00
4.51527e-01;8.09177e-06;2.69289e+00
4.58184e-01;8.14818e-06;2.69289e+00
4.64939e-01;8.20623e-06;2.69289e+00
4.71794e-01;8.26599e-06;2.69289e+00
4.78749e-01;8.32751e-06;2.69289e+00
4.85808e-01;8.39090e-06;2.69289e+00
4.92970e-01;8.45621e-06;2.69289e+00
5.00238e-01;8.52309e-06;2.69289e+00
5.07613e-01;8.57874e-06;2.69289e+00
5.15097e-01;8.63596e-06;2.69289e+00
5.22691e-01;8.69480e-06;2.69289e+00
5.30397e-01;8.75534e-06;2.69289e+00
5.38217e-01;8.81763e-06;2.69289e+00
5.46152e-01;8.88176e-06;2.69289e+00
5.54204e-01;8.94779e-06;2.69289e+00
5.62375e-01;9.01581e-06;2.69289e+00
5.70666e-01;9.08590e-06;2.69289e+00
5.79079e-01;9.15813e-06;2.69289e+00
5.87617e-01;9.23262e-06;2.69289e+00
5.96280e-01;9.30945e-06;2.69289e+00
6.05071e-01;9.38051e-06;2.69289e+00
6.13992e-01;9.44754e-06;2.69289e+00
6.23044e-01;9.51653e-06;2.69289e+00
6.32230e-01;9.58758e-06;2.69289e+00
6.41551e-01;9.66077e-06;2.69289e+00
6.51010e-01;9.73619e-06;2.69289e+00
6.60607e-01;9.81392e-06;2.69289e+00
6.70347e-01;9.89409e-06;2.69289e+00
6.80230e-01;9.97678e-06;2.69289e+00
6.90259e-01;1.00621e-05;2.69289e+00
7.00435e-01;1.01496e-05;2.69289e+00
7.10762e-01;1.02262e-05;2.69289e+00
7.21241e-01;1.03050e-05;2.69289e+00
7.31874e-01;1.03863e-05;2.69289e+00
7.42665e-01;1.04701e-05;2.69289e+00
7.53614e-01;1.05565e-05;2.69289e+00
7.64724e-01;1.06457e-05;2.69289e+00
7.75999e-01;1.07378e-05;2.69289e+00
7.87440e-01;1.08328e-05;2.69289e+00
7.99049e-01;1.09310e-05;2.69289e+00
8.10830e-01;1.10130e-05;2.69289e+00
8.22784e-01;1.10958e-05;2.69289e+00
8.34914e-01;1.11811e-05;2.69289e+00
8.47224e-01;1.12691e-05;2.69289e+00
8.59714e-01;1.13597e-05;2.69289e+00
8.72389e-01;1.14532e-05;2.69289e+00
8.85251e-01;1.15496e-05;2.69289e+00
8.98303e-01;1.16491e-05;2.69289e+00
9.11546e-01;1.17519e-05;2.69289e+00
9.24986e-01;1.18580e-05;2.69289e+00
9.38623e-01;1.19677e-05;2.69288e+00
9.52461e-01;1.20811e-05;2.69288e+00
9.66503e-01;1.21984e-05;2.69288e+00
9.80753e-01;1.23198e-05;2.69288e+00
9.95212e-01;1.24454e-05;2.69288e+00
1.00988e+00;1.25543e-05;2.69288e+00
1.02477e+00;1.26563e-05;2.69288e+00
1.03988e+00;1.27615e-05;2.69288e+00
1.05521e+00;1.28700e-05;2.69288e+00
1.07077e+00;1.29820e-05;2.69288e+00
1.08656e+00;1.30977e-05;2.69288e+00
1.10258e+00;1.32172e-05;2.69288e+00
1.11883e+00;1.33407e-05;2.69288e+00
1.13533e+00;1.34685e-05;2.69288e+00
1.15207e+00;1.36006e-05;2.69288e+00
1.16905e+00;1.37373e-05;2.69288e+00
1.18629e+00;1.38789e-05;2.69288e+00
1.20378e+00;1.40177e-05;2.69288e+00
1.22152e+00;1.41317e-05;2.69288e+00
1.23953e+00;1.42493e-05;2.69288e+00
1.25781e+00;1.43707e-05;2.69288e+00
1.27635e+00;1.44959e-05;2.69288e+00
1.29517e+00;1.46253e-05;2.69288e+00
1.31426e+00;1.47590e-05;2.69288e+00
1.33364e+00;1.48971e-05;2.69288e+00
1.35330e+00;1.50400e-05;2.69288e+00
1.37325e+00;1.51877e-05;2.69288e+00
1.39350e+00;1.53407e-05;2.69288e+00
1.41405e+00;1.54991e-05;2.69288e+00
1.43489e+00;1.56631e-05;2.69288e+00
1.45605e+00;1.58332e-05;2.69288e+00
1.47751e+00;1.60096e-05;2.69288e+00
1.49930e+00;1.61927e-05;2.69288e+00
1.52140e+00;1.63240e-05;2.69288e+00
1.54383e+00;1.64575e-05;2.69288e+00
1.56659e+00;1.65952e-05;2.69288e+00
1.58969e+00;1.67373e-05;2.69288e+00
1.61313e+00;1.68840e-05;2.69288e+00
1.63691e+00;1.70355e-05;2.69287e+00
1.66104e+00;1.71920e-05;2.69287e+00
1.68553e+00;1.73538e-05;2.69287e+00
1.71038e+00;1.75211e-05;2.69287e+00
1.73560e+00;1.76942e-05;2.69287e+00
1.76119e+00;1.78734e-05;2.69287e+00
1.78715e+00;1.80589e-05;2.69287e+00
1.81350e+00;1.82511e-05;2.69287e+00
1.84024e+00;1.84504e-05;2.69287e+00
1.86737e+00;1.86572e-05;2.69287e+00
1.89490e+00;1.88717e-05;2.69287e+00
1.92284e+00;1.90945e-05;2.69287e+00
1.95119e+00;1.93260e-05;2.69287e+00
1.97995e+00;1.95667e-05;2.69287e+00
2.00914e+00;1.97916e-05;2.69287e+00
2.03876e+00;1.99672e-05;2.69287e+00
2.06882e+00;2.01486e-05;2.69287e+00
2.09932e+00;2.03361e-05;2.69287e+00
2.13027e+00;2.05299e-05;2.69287e+00
2.16168e+00;2.07303e-05;2.69286e+00
2.19355e+00;2.09377e-05;2.69286e+00
2.22589e+00;2.11525e-05;2.69286e+00
2.25871e+00;2.13750e-05;2.69286e+00
2.29201e+00;2.16055e-05;2.69286e+00
2.32580e+00;2.18445e-05;2.69286e+00
2.36009e+00;2.20925e-05;2.69286e+00
2.39489e+00;2.23500e-05;2.69286e+00
2.43019e+00;2.26174e-05;2.69286e+00
2.46602e+00;2.28954e-05;2.69286e+00
2.50238e+00;2.31794e-05;2.69286e+00
2.53927e+00;2.33986e-05;2.69286e+00
2.57671e+00;2.36254e-05;2.69286e+00
2.61470e+00;2.38599e-05;2.69285e+00
2.65325e+00;2.41027e-05;2.69285e+00
2.69237e+00;2.43542e-05;2.69285e+00
2.73206e+00;2.46147e-05;2.69285e+00
2.77234e+00;2.48848e-05;2.69285e+00
2.81321e+00;2.51649e-05;2.69285e+00
2.85469e+00;2.54557e-05;2.69285e+00
2.89677e+00;2.57577e-05;2.69285e+00
2.93948e+00;2.60715e-05;2.69285e+00
2.98282e+00;2.63978e-05;2.69285e+00
3.02680e+00;2.66730e-05;2.69284e+00
3.07142e+00;2.69155e-05;2.69284e+00
3.11670e+00;2.71661e-05;2.69284e+00
3.16265e+00;2.74252e-05;2.69284e+00
3.20928e+00;2.76931e-05;2.69284e+00
3.25660e+00;2.79704e-05;2.69284e+00
3.30461e+00;2.82574e-05;2.69284e+00
3.35333e+00;2.85547e-05;2.69284e+00
3.40277e+00;2.88627e-05;2.69283e+00
3.45294e+00;2.91821e-05;2.69283e+00
3.50384e+00;2.95134e-05;2.69283e+00
3.55550e+00;2.98574e-05;2.69283e+00
3.60792e+00;3.02147e-05;2.69283e+00
3.66111e+00;3.05859e-05;2.69283e+00
3.71509e+00;3.09721e-05;2.69282e+00
3.76986e+00;3.13739e-05;2.69282e+00
3.82544e+00;3.17923e-05;2.69282e+00
3.88184e+00;3.22285e-05;2.69282e+00
3.93907e+00;3.26833e-05;2.69282e+00
3.99715e+00;3.31581e-05;2.69282e+00
4.05608e+00;3.34606e-05;2.69281e+00
4.11588e+00;3.37630e-05;2.69281e+00
4.17656e+00;3.40755e-05;2.69281e+00
4.23813e+00;3.43984e-05;2.69281e+00
4.30062e+00;3.47324e-05;2.69281e+00
4.36402e+00;3.50778e-05;2.69280e+00
4.42836e+00;3.54353e-05;2.69280e+00
4.49365e+00;3.58055e-05;2.69280e+00
4.55990e+00;3.61891e-05;2.69280e+00
4.62713e+00;3.65866e-05;2.69279e+00
4.69535e+00;3.69990e-05;2.69279e+00
4.76457e+00;3.74268e-05;2.69279e+00
4.83482e+00;3.78711e-05;2.69279e+00
4.90610e+00;3.83327e-05;2.69278e+00
4.97843e+00;3.88125e-05;2.69278e+00
5.05183e+00;3.92309e-05;2.69278e+00
5.12631e+00;3.96299e-05;2.69277e+00
5.20189e+00;4.00429e-05;2.69277e+00
5.27858e+00;4.04708e-05;2.69277e+00
5.35640e+00;4.09141e-05;2.69277e+00
5.43537e+00;4.13738e-05;2.69276e+00
5.51551e+00;4.18508e-05;2.69276e+00
5.59682e+00;4.23459e-05;2.69276e+00
5.67934e+00;4.28603e-05;2.69275e+00
5.76307e+00;4.33949e-05;2.69275e+00
5.84804e+00;4.39510e-05;2.69274e+00
5.93425e+00;4.45296e-05;2.69274e+00
6.02174e+00;4.50952e-05;2.69274e+00
6.11052e+00;4.55669e-05;2.69273e+00
6.20061e+00;4.60555e-05;2.69273e+00
6.29203e+00;4.65675e-05;2.69272e+00
6.38479e+00;4.70997e-05;2.69272e+00
6.47893e+00;4.76519e-05;2.69272e+00
6.57445e+00;4.82251e-05;2.69271e+00
6.67138e+00;4.88205e-05;2.69271e+00
6.76973e+00;4.94393e-05;2.69270e+00
6.86954e+00;5.00830e-05;2.69270e+00
6.97082e+00;5.07530e-05;2.69269e+00
7.07359e+00;5.13422e-05;2.69269e+00
7.17788e+00;5.19092e-05;2.69268e+00
7.28370e+00;5.24969e-05;2.69268e+00
7.39109e+00;5.31063e-05;2.69267e+00
7.50006e+00;5.37387e-05;2.69266e+00
7.61063e+00;5.43952e-05;2.69266e+00
7.72284e+00;5.50773e-05;2.69265e+00
7.83670e+00;5.57862e-05;2.69265e+00
7.95223e+00;5.65235e-05;2.69264e+00
8.06948e+00;5.71735e-05;2.69263e+00
8.18845e+00;5.77640e-05;2.69263e+00
8.30917e+00;5.83750e-05;2.69262e+00
8.43167e+00;5.90075e-05;2.69261e+00
8.55598e+00;5.96625e-05;2.69260e+00
8.68213e+00;6.03413e-05;2.69260e+00
8.81013e+00;6.10450e-05;2.69259e+00
8.94002e+00;6.17750e-05;2.69258e+00
9.07182e+00;6.25326e-05;2.69257e+00
9.20557e+00;6.33195e-05;2.69256e+00
9.34129e+00;6.41373e-05;2.69256e+00
9.47901e+00;6.49876e-05;2.69255e+00
9.61876e+00;6.58725e-05;2.69254e+00
9.76057e+00;6.67939e-05;2.69253e+00
9.90447e+00;6.77539e-05;2.69252e+00
1.00505e+01;6.86534e-05;2.69251e+00
1.01987e+01;6.93903e-05;2.69250e+00
1.03490e+01;7.01524e-05;2.69249e+00
1.05016e+01;7.09418e-05;2.69248e+00
1.06564e+01;7.17594e-05;2.69247e+00
1.08136e+01;7.26073e-05;2.69245e+00
1.09730e+01;7.34861e-05;2.69244e+00
1.11348e+01;7.43981e-05;2.69243e+00
1.12989e+01;7.53445e-05;2.69242e+00
1.14655e+01;7.63282e-05;2.69241e+00
1.16345e+01;7.73503e-05;2.69239e+00
1.18061e+01;7.84137e-05;2.69238e+00
1.19801e+01;7.95198e-05;2.69237e+00
1.21568e+01;8.03795e-05;2.69235e+00
1.23360e+01;8.12298e-05;2.69234e+00
1.25179e+01;8.21090e-05;2.69232e+00
1.27024e+01;8.30178e-05;2.69231e+00
1.28897e+01;8.39586e-05;2.69229e+00
1.30797e+01;8.49322e-05;2.69228e+00
1.32726e+01;8.59406e-05;2.69226e+00
1.34682e+01;8.69844e-05;2.69224e+00
1.36668e+01;8.80672e-05;2.69222e+00
1.38683e+01;8.91904e-05;2.69221e+00
1.40728e+01;9.03565e-05;2.69219e+00
1.42802e+01;9.15670e-05;2.69217e+00
1.44908e+01;9.28259e-05;2.69215e+00
1.47044e+01;9.41346e-05;2.69213e+00
1.49212e+01;9.54962e-05;2.69211e+00
1.51412e+01;9.66163e-05;2.69209e+00
1.53644e+01;9.76037e-05;2.69207e+00
1.55909e+01;9.86223e-05;2.69204e+00
1.58208e+01;9.96736e-05;2.69202e+00
1.60540e+01;1.00759e-04;2.69200e+00
1.62907e+01;1.01878e-04;2.69197e+00
1.65309e+01;1.03035e-04;2.69195e+00
1.67746e+01;1.04230e-04;2.69192e+00
1.70219e+01;1.05466e-04;2.69190e+00
1.72729e+01;1.06746e-04;2.69187e+00
1.75276e+01;1.08070e-04;2.69184e+00
1.77860e+01;1.09439e-04;2.69182e+00
1.80482e+01;1.10859e-04;2.69179e+00
1.83143e+01;1.12331e-04;2.69176e+00
1.85843e+01;1.13859e-04;2.69173e+00
1.88583e+01;1.15444e-04;2.69170e+00
1.91363e+01;1.17089e-04;2.69166e+00
1.94184e+01;1.18800e-04;2.69163e+00
1.97047e+01;1.20579e-04;2.69160e+00
1.99952e+01;1.22432e-04;2.69156e+00
2.02900e+01;1.23828e-04;2.69152e+00
2.05892e+01;1.25258e-04;2.69149e+00
2.08927e+01;1.26734e-04;2.69145e+00
2.12008e+01;1.28258e-04;2.69141e+00
2.15133e+01;1.29829e-04;2.69137e+00
2.18305e+01;1.31453e-04;2.69133e+00
2.21523e+01;1.33132e-04;2.69129e+00
2.24789e+01;1.34868e-04;2.69124e+00
2.28104e+01;1.36662e-04;2.69120e+00
2.31467e+01;1.38520e-04;2.69115e+00
2.34879e+01;1.40445e-04;2.69110e+00
2.38342e+01;1.42439e-04;2.69105e+00
2.41856e+01;1.44506e-04;2.69100e+00
2.45422e+01;1.46653e-04;2.69095e+00
2.49040e+01;1.48880e-04;2.69090e+00
2.52712e+01;1.50813e-04;2.69084e+00
2.56437e+01;1.52668e-04;2.69079e+00
2.60218e+01;1.54579e-04;2.69073e+00
2.64054e+01;1.56548e-04;2.69067e+00
2.67948e+01;1.58580e-04;2.69061e+00
2.71898e+01;1.60674e-04;2.69054e+00
2.75907e+01;1.62836e-04;2.69048e+00
2.79974e+01;1.65252e-04;2.69041e+00
2.84102e+01;1.67757e-04;2.69034e+00
2.88291e+01;1.70355e-04;2.69027e+00
2.92541e+01;1.73052e-04;2.69020e+00
2.96854e+01;1.75850e-04;2.69012e+00
3.01230e+01;1.78561e-04;2.69005e+00
3.05672e+01;1.80849e-04;2.68997e+00
3.10178e+01;1.83197e-04;2.68989e+00
3.14751e+01;1.85615e-04;2.68980e+00
3.19392e+01;1.88102e-04;2.68971e+00
3.24100e+01;1.90661e-04;2.68963e+00
3.28879e+01;1.93298e-04;2.68953e+00
3.33727e+01;1.96012e-04;2.68944e+00
3.38648e+01;1.98813e-04;2.68934e+00
3.43640e+01;2.01696e-04;2.68924e+00
3.48707e+01;2.04675e-04;2.68914e+00
3.53848e+01;2.07746e-04;2.68903e+00
3.59065e+01;2.10920e-04;2.68892e+00
3.64358e+01;2.14198e-04;2.68881e+00
3.69730e+01;2.17589e-04;2.68870e+00
3.75181e+01;2.21097e-04;2.68858e+00
3.80713e+01;2.24728e-04;2.68845e+00
3.86326e+01;2.28491e-04;2.68833e+00
3.90404e+01;2.31273e-04;2.68823e+00
3.92021e+01;2.32389e-04;2.68819e+00
3.97801e+01;2.36437e-04;2.68806e+00
4.03666e+01;2.39900e-04;2.68792e+00
4.09617e+01;2.43000e-04;2.68778e+00
4.15656e+01;2.46165e-04;2.68763e+00
4.21784e+01;2.49603e-04;2.68748e+00
4.28003e+01;2.53311e-04;2.68732e+00
4.34313e+01;2.57121e-04;2.68716e+00
4.40716e+01;2.61047e-04;2.68699e+00
4.47214e+01;2.65084e-04;2.68682e+00
4.53807e+01;2.69248e-04;2.68665e+00
4.60498e+01;2.73534e-04;2.68646e+00
4.67287e+01;2.77957e-04;2.68628e+00
4.74176e+01;2.82519e-04;2.68608e+00
4.81167e+01;2.87230e-04;2.68588e+00
4.88261e+01;2.92097e-04;2.68568e+00
4.95459e+01;2.97125e-04;2.68547e+00
5.02764e+01;3.01900e-04;2.68525e+00
5.10176e+01;3.06066e-04;2.68502e+00
5.17698e+01;3.10319e-04;2.68479e+00
5.25331e+01;3.14660e-04;2.68455e+00
5.33076e+01;3.19082e-04;2.68431e+00
5.40935e+01;3.23598e-04;2.68405e+00
5.48910e+01;3.28527e-04;2.68379e+00
5.57003e+01;3.33771e-04;2.68353e+00
5.65215e+01;3.39171e-04;2.68325e+00
5.73548e+01;3.44728e-04;2.68296e+00
5.82004e+01;3.50446e-04;2.68267e+00
5.90584e+01;3.56342e-04;2.68237e+00
5.99291e+01;3.62415e-04;2.68205e+00
6.08127e+01;3.67632e-04;2.68173e+00
6.17093e+01;3.72859e-04;2.68140e+00
6.26190e+01;3.78182e-04;2.68106e+00
6.35423e+01;3.83601e-04;2.68071e+00
6.44791e+01;3.89126e-04;2.68035e+00
6.54297e+01;3.94760e-04;2.67997e+00
6.63943e+01;4.00645e-04;2.67959e+00
6.73732e+01;4.07309e-04;2.67919e+00
6.83665e+01;4.14174e-04;2.67879e+00
6.93744e+01;4.21241e-04;2.67836e+00
7.03972e+01;4.28110e-04;2.67793e+00
7.14351e+01;4.34485e-04;2.67748e+00
7.24883e+01;4.40994e-04;2.67702e+00
7.35570e+01;4.47629e-04;2.67655e+00
7.46415e+01;4.54408e-04;2.67606e+00
7.57419e+01;4.61335e-04;2.67555e+00
7.68586e+01;4.68416e-04;2.67503e+00
7.79918e+01;4.75645e-04;2.67450e+00
7.91416e+01;4.83039e-04;2.67395e+00
8.03084e+01;4.90209e-04;2.67338e+00
8.14924e+01;4.96352e-04;2.67280e+00
8.26939e+01;5.02529e-04;2.67220e+00
8.39130e+01;5.08731e-04;2.67158e+00
8.51502e+01;5.14958e-04;2.67095e+00
8.64056e+01;5.21211e-04;2.67030e+00
8.76795e+01;5.27486e-04;2.66963e+00
8.89722e+01;5.34627e-04;2.66894e+00
9.02839e+01;5.42664e-04;2.66824e+00
9.16150e+01;5.50869e-04;2.66751e+00
9.29657e+01;5.59250e-04;2.66676e+00
9.43363e+01;5.67821e-04;2.66599e+00
9.57271e+01;5.76589e-04;2.66519e+00
9.71384e+01;5.85561e-04;2.66437e+00
9.85705e+01;5.94739e-04;2.66352e+00
1.00024e+02;6.04105e-04;2.66265e+00
1.01498e+02;6.11391e-04;2.66176e+00
1.02995e+02;6.18707e-04;2.66084e+00
1.04513e+02;6.26042e-04;2.65989e+00
1.06054e+02;6.33399e-04;2.65892e+00
1.07618e+02;6.40772e-04;2.65793e+00
1.09204e+02;6.48151e-04;2.65690e+00
1.10814e+02;6.56683e-04;2.65585e+00
1.12448e+02;6.66220e-04;2.65477e+00
1.14106e+02;6.75956e-04;2.65366e+00
1.15788e+02;6.85895e-04;2.65251e+00
1.17495e+02;6.96051e-04;2.65133e+00
1.19228e+02;7.06426e-04;2.65012e+00
1.20985e+02;7.15591e-04;2.64887e+00
1.22769e+02;7.23694e-04;2.64759e+00
1.24579e+02;7.31801e-04;2.64627e+00
1.26416e+02;7.39916e-04;2.64492e+00
1.28280e+02;7.48034e-04;2.64353e+00
1.30171e+02;7.56148e-04;2.64211e+00
1.32090e+02;7.64258e-04;2.64065e+00
1.34038e+02;7.72363e-04;2.63915e+00
1.36014e+02;7.80454e-04;2.63762e+00
1.38019e+02;7.88527e-04;2.63605e+00
1.40054e+02;7.96582e-04;2.63443e+00
1.42119e+02;8.05928e-04;2.63278e+00
1.44214e+02;8.17276e-04;2.63108e+00
1.46340e+02;8.28879e-04;2.62933e+00
1.48498e+02;8.40753e-04;2.62753e+00
1.50687e+02;8.51741e-04;2.62567e+00
1.52909e+02;8.60262e-04;2.62377e+00
1.55163e+02;8.68755e-04;2.62182e+00
1.57450e+02;8.77216e-04;2.61983e+00
1.59772e+02;8.85651e-04;2.61778e+00
1.62127e+02;8.94044e-04;2.61568e+00
1.64518e+02;9.02395e-04;2.61354e+00
1.66943e+02;9.10695e-04;2.61134e+00
1.69404e+02;9.18946e-04;2.60909e+00
1.71902e+02;9.27145e-04;2.60678e+00
1.74436e+02;9.35285e-04;2.60442e+00
1.77008e+02;9.43366e-04;2.60201e+00
1.79618e+02;9.51379e-04;2.59953e+00
1.82266e+02;9.59321e-04;2.59700e+00
1.84953e+02;9.67189e-04;2.59441e+00
1.87680e+02;9.74978e-04;2.59177e+00
1.90447e+02;9.82684e-04;2.58906e+00
1.93255e+02;9.91232e-04;2.58629e+00
1.96104e+02;1.00336e-03;2.58345e+00
1.98995e+02;1.01573e-03;2.58053e+00
2.01929e+02;1.02514e-03;2.57753e+00
2.04906e+02;1.03282e-03;2.57447e+00
2.07927e+02;1.04041e-03;2.57134e+00
2.10992e+02;1.04789e-03;2.56814e+00
2.14103e+02;1.05527e-03;2.56487e+00
2.17260e+02;1.06254e-03;2.56152e+00
2.20463e+02;1.06970e-03;2.55811e+00
2.23713e+02;1.07673e-03;2.55462e+00
2.27011e+02;1.08364e-03;2.55106e+00
2.30358e+02;1.09043e-03;2.54742e+00
2.33755e+02;1.09708e-03;2.54370e+00
2.37201e+02;1.10360e-03;2.53991e+00
2.40698e+02;1.10998e-03;2.53604e+00
2.44247e+02;1.11679e-03;2.53209e+00
2.47848e+02;1.12700e-03;2.52805e+00
2.51502e+02;1.13559e-03;2.52392e+00
2.55210e+02;1.14160e-03;2.51970e+00
2.58972e+02;1.14746e-03;2.51539e+00
2.62790e+02;1.15317e-03;2.51100e+00
2.66665e+02;1.15871e-03;2.50652e+00
2.70596e+02;1.16409e-03;2.50195e+00
2.74586e+02;1.16930e-03;2.49730e+00
2.78634e+02;1.17434e-03;2.49255e+00
2.82742e+02;1.17921e-03;2.48772e+00
2.86910e+02;1.18390e-03;2.48280e+00
2.91140e+02;1.18840e-03;2.47778e+00
2.95433e+02;1.19376e-03;2.47266e+00
2.99788e+02;1.20255e-03;2.46745e+00
3.04208e+02;1.20688e-03;2.46212e+00
3.08693e+02;1.21078e-03;2.45670e+00
3.13244e+02;1.21450e-03;2.45118e+00
3.17862e+02;1.21802e-03;2.44556e+00
3.22549e+02;1.22133e-03;2.43985e+00
3.27304e+02;1.22445e-03;2.43403e+00
3.32130e+02;1.22737e-03;2.42812e+00
3.37026e+02;1.23008e-03;2.42210e+00
3.41995e+02;1.23257e-03;2.41598e+00
3.47037e+02;1.23486e-03;2.40976e+00
3.52154e+02;1.23694e-03;2.40344e+00
3.57346e+02;1.23881e-03;2.39701e+00
3.62614e+02;1.24047e-03;2.39048e+00
3.67960e+02;1.24191e-03;2.38385e+00
3.73385e+02;1.24313e-03;2.37710e+00
3.78890e+02;1.24413e-03;2.37026e+00
3.84476e+02;1.24492e-03;2.36331e+00
3.90144e+02;1.24548e-03;2.35625e+00
3.95896e+02;1.24657e-03;2.34908e+00
4.01733e+02;1.25056e-03;2.34179e+00
4.07656e+02;1.25055e-03;2.33439e+00
4.13666e+02;1.25032e-03;2.32687e+00
4.19765e+02;1.24986e-03;2.31925e+00
4.25954e+02;1.24919e-03;2.31151e+00
4.32233e+02;1.24829e-03;2.30367e+00
4.38606e+02;1.24718e-03;2.29572e+00
4.45072e+02;1.24584e-03;2.28766e+00
4.51634e+02;1.24428e-03;2.27949e+00
4.58293e+02;1.24251e-03;2.27121e+00
4.65049e+02;1.24052e-03;2.26282e+00
4.71906e+02;1.23831e-03;2.25433e+00
4.78863e+02;1.23589e-03;2.24572e+00
4.85923e+02;1.23324e-03;2.23700e+00
4.93087e+02;1.23039e-03;2.22818e+00
5.00357e+02;1.22971e-03;2.21924e+00
5.07734e+02;1.22645e-03;2.21018e+00
5.15219e+02;1.22300e-03;2.20101e+00
5.22815e+02;1.21933e-03;2.19173e+00
5.30523e+02;1.21546e-03;2.18235e+00
5.38345e+02;1.21139e-03;2.17286e+00
5.46282e+02;1.20712e-03;2.16326e+00
5.54336e+02;1.20266e-03;2.15356e+00
5.62509e+02;1.19799e-03;2.14375e+00
5.70802e+02;1.19313e-03;2.13383e+00
5.79217e+02;1.18809e-03;2.12381e+00
5.87757e+02;1.18285e-03;2.11369e+00
5.96422e+02;1.17757e-03;2.10346e+00
6.05215e+02;1.17313e-03;2.09313e+00
6.14138e+02;1.16735e-03;2.08268e+00
6.23192e+02;1.16141e-03;2.07214e+00
6.32380e+02;1.15528e-03;2.06150e+00
6.41704e+02;1.14899e-03;2.05076e+00
6.51164e+02;1.14254e-03;2.03992e+00
6.60765e+02;1.13591e-03;2.02898e+00
6.70506e+02;1.12914e-03;2.01795e+00
6.80392e+02;1.12221e-03;2.00682e+00
6.90423e+02;1.11512e-03;1.99560e+00
7.00602e+02;1.10869e-03;1.98428e+00
7.10931e+02;1.10132e-03;1.97287e+00
7.21413e+02;1.09380e-03;1.96136e+00
7.32048e+02;1.08614e-03;1.94977e+00
7.42841e+02;1.07836e-03;1.93809e+00
7.53793e+02;1.07044e-03;1.92632e+00
7.64906e+02;1.06240e-03;1.91447e+00
7.76184e+02;1.05424e-03;1.90254e+00
7.87627e+02;1.04596e-03;1.89052e+00
7.99239e+02;1.03805e-03;1.87842e+00
8.11023e+02;1.02968e-03;1.86624e+00
8.22980e+02;1.02108e-03;1.85398e+00
8.35113e+02;1.01237e-03;1.84164e+00
8.47425e+02;1.00356e-03;1.82923e+00
8.59919e+02;9.94671e-04;1.81675e+00
8.72597e+02;9.85687e-04;1.80419e+00
8.85462e+02;9.76619e-04;1.79157e+00
8.98516e+02;9.67470e-04;1.77888e+00
9.11763e+02;9.58245e-04;1.76613e+00
9.25206e+02;9.48948e-04;1.75331e+00
9.38846e+02;9.39583e-04;1.74043e+00
9.52688e+02;9.30155e-04;1.72749e+00
9.66733e+02;9.20666e-04;1.71449e+00
9.80986e+02;9.11121e-04;1.70144e+00
9.95449e+02;9.01526e-04;1.68833e+00
1.01013e+03;8.92343e-04;1.67516e+00
1.02502e+03;8.82652e-04;1.66195e+00
1.04013e+03;8.72921e-04;1.64868e+00
1.05546e+03;8.63156e-04;1.63537e+00
1.07103e+03;8.53355e-04;1.62201e+00
1.08682e+03;8.43527e-04;1.60861e+00
1.10284e+03;8.33675e-04;1.59518e+00
1.11910e+03;8.23801e-04;1.58171e+00
1.13560e+03;8.13909e-04;1.56819e+00
1.15234e+03;8.04005e-04;1.55465e+00
1.16933e+03;7.94089e-04;1.54108e+00
1.18657e+03;7.84167e-04;1.52747e+00
1.20406e+03;7.74501e-04;1.51384e+00
1.22181e+03;7.64574e-04;1.50018e+00
1.23983e+03;7.54650e-04;1.48649e+00
1.25811e+03;7.44733e-04;1.47279e+00
1.27666e+03;7.34826e-04;1.45907e+00
1.29548e+03;7.24933e-04;1.44533e+00
1.31458e+03;7.15055e-04;1.43158e+00
1.33396e+03;7.05198e-04;1.41782e+00
1.35362e+03;6.95364e-04;1.40405e+00
1.37358e+03;6.85554e-04;1.39027e+00
1.39383e+03;6.75773e-04;1.37648e+00
1.41438e+03;6.66024e-04;1.36270e+00
1.43523e+03;6.56309e-04;1.34891e+00
1.45639e+03;6.46631e-04;1.33513e+00
1.47787e+03;6.36990e-04;1.32134e+00
1.49965e+03;6.27536e-04;1.30757e+00
1.52176e+03;6.17998e-04;1.29380e+00
1.54420e+03;6.08490e-04;1.28004e+00
1.56697e+03;5.99031e-04;1.26629e+00
1.59007e+03;5.89624e-04;1.25256e+00
1.61351e+03;5.80272e-04;1.23885e+00
1.63730e+03;5.70975e-04;1.22516e+00
1.66144e+03;5.61736e-04;1.21149e+00
1.68593e+03;5.52559e-04;1.19784e+00
1.71079e+03;5.43442e-04;1.18422e+00
1.73601e+03;5.34391e-04;1.17063e+00
1.76161e+03;5.25406e-04;1.15706e+00
1.78758e+03;5.16488e-04;1.14353e+00
1.81393e+03;5.07641e-04;1.13004e+00
1.84068e+03;4.98864e-04;1.11658e+00
1.86781e+03;4.90161e-04;1.10316e+00
1.89535e+03;4.81531e-04;1.08978e+00
1.92329e+03;4.72978e-04;1.07645e+00
1.95165e+03;4.64502e-04;1.06315e+00
1.98042e+03;4.56106e-04;1.04991e+00
2.00962e+03;4.47842e-04;1.03671e+00
2.03925e+03;4.39605e-04;1.02356e+00
2.06931e+03;4.31450e-04;1.01047e+00
2.09982e+03;4.23379e-04;9.97432e-01
2.13078e+03;4.15394e-04;9.84448e-01
2.16220e+03;4.07492e-04;9.71520e-01
2.19407e+03;3.99678e-04;9.58658e-01
2.22642e+03;3.91951e-04;9.45853e-01
2.25925e+03;3.84312e-04;9.33111e-01
2.29255e+03;3.76762e-04;9.20439e-01
2.32635e+03;3.69302e-04;9.07830e-01
2.36065e+03;3.61932e-04;8.95290e-01
2.39546e+03;3.54651e-04;8.82818e-01
2.43077e+03;3.47464e-04;8.70422e-01
2.46661e+03;3.40367e-04;8.58096e-01
2.50298e+03;3.33378e-04;8.45844e-01
2.53988e+03;3.26466e-04;8.33670e-01
2.57732e+03;3.19647e-04;8.21574e-01
2.61532e+03;3.12922e-04;8.09556e-01
2.65388e+03;3.06289e-04;7.97617e-01
2.69301e+03;2.99750e-04;7.85760e-01
2.73271e+03;2.93306e-04;7.73988e-01
2.77300e+03;2.86954e-04;7.62299e-01
2.81388e+03;2.80696e-04;7.50696e-01
2.85537e+03;2.74532e-04;7.39178e-01
2.89746e+03;2.68461e-04;7.27750e-01
2.94018e+03;2.62484e-04;7.16409e-01
2.98353e+03;2.56601e-04;7.05158e-01
3.02752e+03;2.50814e-04;6.93998e-01
3.07215e+03;2.45116e-04;6.82931e-01
3.11745e+03;2.39512e-04;6.71954e-01
3.16341e+03;2.33999e-04;6.61073e-01
3.21004e+03;2.28578e-04;6.50288e-01
3.25737e+03;2.23249e-04;6.39595e-01
3.30540e+03;2.18012e-04;6.28998e-01
3.35413e+03;2.12864e-04;6.18500e-01
3.40358e+03;2.07807e-04;6.08099e-01
3.45376e+03;2.02840e-04;5.97796e-01
3.50468e+03;1.97962e-04;5.87591e-01
3.55635e+03;1.93172e-04;5.77486e-01
3.60878e+03;1.88471e-04;5.67482e-01
3.66198e+03;1.83856e-04;5.57578e-01
3.71597e+03;1.79329e-04;5.47774e-01
3.77076e+03;1.74886e-04;5.38070e-01
3.82635e+03;1.70530e-04;5.28469e-01
3.88276e+03;1.66257e-04;5.18970e-01
3.94001e+03;1.62068e-04;5.09572e-01
3.99810e+03;1.57962e-04;5.00276e-01
4.05704e+03;1.53936e-04;4.91085e-01
4.11686e+03;1.49993e-04;4.81994e-01
4.17755e+03;1.46130e-04;4.73008e-01
4.23914e+03;1.42347e-04;4.64125e-01
4.30164e+03;1.38643e-04;4.55344e-01
4.36506e+03;1.35015e-04;4.46666e-01
4.42942e+03;1.31465e-04;4.38091e-01
4.49472e+03;1.27990e-04;4.29619e-01
4.56099e+03;1.24590e-04;4.21250e-01
4.62823e+03;1.21263e-04;4.12985e-01
4.69646e+03;1.18009e-04;4.04822e-01
4.76571e+03;1.14827e-04;3.96760e-01
4.83597e+03;1.11716e-04;3.88802e-01
4.90726e+03;1.08675e-04;3.80946e-01
4.97961e+03;1.05703e-04;3.73191e-01
5.05303e+03;1.02796e-04;3.65537e-01
5.12753e+03;9.99579e-05;3.57984e-01
5.20312e+03;9.71862e-05;3.50533e-01
5.27983e+03;9.44788e-05;3.43182e-01
5.35768e+03;9.18350e-05;3.35929e-01
5.43666e+03;8.92540e-05;3.28778e-01
5.51682e+03;8.67345e-05;3.21725e-01
5.59815e+03;8.42755e-05;3.14770e-01
5.68069e+03;8.18762e-05;3.07913e-01
5.76444e+03;7.95353e-05;3.01154e-01
5.84943e+03;7.72518e-05;2.94492e-01
5.93567e+03;7.50249e-05;2.87925e-01
6.02318e+03;7.28521e-05;2.81455e-01
6.11198e+03;7.07349e-05;2.75080e-01
6.20209e+03;6.86712e-05;2.68799e-01
6.29353e+03;6.66597e-05;2.62612e-01
6.38631e+03;6.46997e-05;2.56518e-01
6.48047e+03;6.27900e-05;2.50516e-01
6.57601e+03;6.09296e-05;2.44605e-01
6.67296e+03;5.91176e-05;2.38786e-01
6.77134e+03;5.73530e-05;2.33057e-01
6.87117e+03;5.56349e-05;2.27417e-01
6.97248e+03;5.39622e-05;2.21866e-01
7.07527e+03;5.23332e-05;2.16402e-01
7.17959e+03;5.07487e-05;2.11026e-01
7.28544e+03;4.92068e-05;2.05736e-01
7.39285e+03;4.77066e-05;2.00531e-01
7.50184e+03;4.62473e-05;1.95411e-01
7.61244e+03;4.48278e-05;1.90374e-01
7.72467e+03;4.34475e-05;1.85421e-01
7.83856e+03;4.21052e-05;1.80549e-01
7.95413e+03;4.08002e-05;1.75758e-01
8.07140e+03;3.95300e-05;1.71048e-01
8.19039e+03;3.82970e-05;1.66418e-01
8.31115e+03;3.70988e-05;1.61865e-01
8.43368e+03;3.59346e-05;1.57391e-01
8.55802e+03;3.48035e-05;1.52993e-01
8.68419e+03;3.37047e-05;1.48671e-01
8.81222e+03;3.26375e-05;1.44425e-01
8.94214e+03;3.16010e-05;1.40252e-01
9.07398e+03;3.05945e-05;1.36152e-01
9.20776e+03;2.96174e-05;1.32124e-01
9.34351e+03;2.86688e-05;1.28168e-01
9.48127e+03;2.77481e-05;1.24282e-01
9.62105e+03;2.68545e-05;1.20466e-01
9.76289e+03;2.59873e-05;1.16718e-01
9.90683e+03;2.51460e-05;1.13038e-01
1.00529e+04;2.43296e-05;1.09425e-01
1.02011e+04;2.35378e-05;1.05878e-01
1.03515e+04;2.27698e-05;1.02395e-01
1.05041e+04;2.20249e-05;9.89776e-02
1.06590e+04;2.13026e-05;9.56219e-02
1.08161e+04;2.06023e-05;9.23302e-02
1.09756e+04;1.99233e-05;8.90983e-02
1.11374e+04;1.92652e-05;8.59280e-02
1.13016e+04;1.86273e-05;8.28170e-02
1.14682e+04;1.80091e-05;7.97652e-02
1.16373e+04;1.74099e-05;7.67705e-02
1.18089e+04;1.68294e-05;7.38328e-02
1.19830e+04;1.62670e-05;7.09517e-02
1.21596e+04;1.57222e-05;6.81271e-02
1.23389e+04;1.51945e-05;6.53554e-02
1.25208e+04;1.46834e-05;6.26380e-02
1.27054e+04;1.41884e-05;5.99731e-02
1.28927e+04;1.37091e-05;5.73605e-02
1.30828e+04;1.32451e-05;5.47985e-02
1.32757e+04;1.27957e-05;5.22869e-02
1.34714e+04;1.23608e-05;4.98253e-02
1.36700e+04;1.19398e-05;4.74123e-02
1.38716e+04;1.15324e-05;4.50463e-02
1.40761e+04;1.11381e-05;4.27282e-02
1.42836e+04;1.07565e-05;4.04567e-02
1.44942e+04;1.03873e-05;3.82302e-02
1.47079e+04;1.00301e-05;3.60486e-02
1.49247e+04;9.68458e-06;3.39116e-02
1.51448e+04;9.35033e-06;3.18168e-02
1.53681e+04;9.02704e-06;2.97649e-02
1.55946e+04;8.71437e-06;2.77557e-02
1.58246e+04;8.41201e-06;2.57862e-02
1.60579e+04;8.11963e-06;2.38578e-02
1.62946e+04;7.83693e-06;2.19693e-02
1.65348e+04;7.56361e-06;2.01197e-02
1.67786e+04;7.29938e-06;1.83079e-02
1.70260e+04;7.04398e-06;1.65336e-02
1.72770e+04;6.79710e-06;1.47966e-02
1.75317e+04;6.55850e-06;1.30958e-02
1.77902e+04;6.32792e-06;1.14302e-02
1.80525e+04;6.10508e-06;9.79959e-03
1.83186e+04;5.88977e-06;8.20368e-03
1.85887e+04;5.68175e-06;6.64094e-03
1.88628e+04;5.48077e-06;5.11112e-03
1.91409e+04;5.28661e-06;3.61392e-03
1.94231e+04;5.09906e-06;2.14850e-03
1.97094e+04;4.91790e-06;7.14571e-04
2.00000e+04;0.00000e+00;0.00000e+00
2.00033e+04;0.00000e+00;0.00000e+00

